name,datetime,tempmax,tempmin,temp,feelslikemax,feelslikemin,feelslike,dew,humidity,precip,precipprob,precipcover,preciptype,snow,snowdepth,windgust,windspeed,winddir,sealevelpressure,cloudcover,visibility,solarradiation,solarenergy,uvindex,severerisk,sunrise,sunset,moonphase,conditions,description,icon,stations
New York,2023-01-01,12.2,10,11.1,12.2,8.5,11,4.3,64.9,0.365,100,12.5,rain,0,0,35.3,20,281.2,1012.2,33.8,15.4,96.4,8.4,4,10,2023-01-01T07:20:12,2023-01-01T16:39:10,0.32,"Rain, Partially cloudy",Becoming cloudy in the afternoon with early morning rain.,rain,"72505394728,KLGA,F8726,KNYC,F1417,72503014732"
New York,2023-01-02,13.4,8.4,11.3,13.4,7.1,11,4.2,62.3,0.44,100,8.33,rain,0,0,16.6,12.1,265,1019.3,55.7,15.5,43.8,3.6,3,10,2023-01-02T07:20:17,2023-01-02T16:40:01,0.35,"Rain, Partially cloudy",Becoming cloudy in the afternoon with late afternoon rain.,rain,"72505394728,KLGA,F8726,KNYC,F1417,72503014732"
New York,2023-01-03,13,7.9,10.6,13,6.6,10.3,8.7,87.9,9.585,100,29.17,rain,0,0,22.3,12.5,98.7,1014.4,90.4,8.7,16.2,1.5,1,10,2023-01-03T07:20:21,2023-01-03T16:40:53,0.39,"Rain, Overcast",Cloudy skies throughout the day with rain in the morning and afternoon.,rain,"72505394728,KLGA,KNYC,F1417,72503014732"
New York,2023-01-04,18.7,9.2,14.4,18.7,7.4,14.2,10.8,79.7,0.459,100,16.67,rain,0,0,24.1,15.2,190.5,1009.9,67.6,13.3,59.1,5.1,3,10,2023-01-04T07:20:22,2023-01-04T16:41:48,0.42,"Rain, Partially cloudy",Partly cloudy throughout the day with rain.,rain,"72505394728,KLGA,F8726,KNYC,F1417,72503014732"
New York,2023-01-05,9.4,7.1,8.5,8.8,4.3,7,7.1,90.7,0.46,100,12.5,rain,0,0,14.8,15.2,55.3,1013.4,100,9.6,26.9,2.3,1,10,2023-01-05T07:20:21,2023-01-05T16:42:43,0.46,"Rain, Overcast",Cloudy skies throughout the day with rain.,rain,"72505394728,KLGA,F8726,KNYC,F1417,72503014732"
New York,2023-01-06,8.9,4.5,6.8,7.1,1.2,5,3.2,78.5,6.76,100,20.83,rain,0,0,37.1,19.1,323.9,1015.5,93,12.4,31.3,2.8,2,10,2023-01-06T07:20:18,2023-01-06T16:43:40,0.5,"Rain, Overcast",Cloudy skies throughout the day with rain clearing later.,rain,"72505394728,KLGA,KNYC,F1417,72503014732"
New York,2023-01-07,6.7,3,4.8,4.4,-0.5,1.9,-2.2,60.9,0,0,0,,0,0,37.1,16.3,287.6,1020.6,43.2,16,50.8,4.4,3,10,2023-01-07T07:20:12,2023-01-07T16:44:38,0.52,Partially cloudy,Partly cloudy throughout the day.,partly-cloudy-day,"72505394728,KLGA,KNYC,F1417,72503014732"
New York,2023-01-08,4.8,0.7,3,4.4,-2.6,0.7,-5.8,53,0,0,0,,0,0,27.7,24.1,292.4,1024.4,18.7,16,86.4,7.4,4,10,2023-01-08T07:20:05,2023-01-08T16:45:38,0.56,Clear,Clear conditions throughout the day.,clear-day,"72505394728,KLGA,F8726,KNYC,F1417,72503014732"
New York,2023-01-09,6.7,3,4.4,4.2,0.3,2.3,-2.7,61.5,0.129,100,4.17,rain,0,0,33.5,18.6,289,1014.2,49.1,15.3,97,8.2,5,10,2023-01-09T07:19:55,2023-01-09T16:46:39,0.59,"Rain, Partially cloudy",Clearing in the afternoon with early morning rain.,rain,"72505394728,KLGA,KNYC,F1417,72503014732"
New York,2023-01-10,5,3.5,4.3,5,0.2,2.3,-4,54.7,0,0,0,,0,0,31.3,13.4,301.2,1016.6,87.8,15.8,23.5,1.9,1,10,2023-01-10T07:19:42,2023-01-10T16:47:40,0.63,Partially cloudy,Partly cloudy throughout the day.,partly-cloudy-day,"72505394728,KLGA,KNYC,F1417,72503014732"
New York,2023-01-11,4,1.7,3,3.1,-2.8,0,-5.3,54.7,0,0,0,,0,0,29.5,18.1,62.7,1023.2,83.7,16,47.2,4,2,10,2023-01-11T07:19:28,2023-01-11T16:48:44,0.66,Partially cloudy,Partly cloudy throughout the day.,partly-cloudy-day,"72505394728,KLGA,F8726,KNYC,F1417,72503014732"
New York,2023-01-12,12.2,2.7,7,12.2,-0.5,5.5,4,81.6,4.855,100,33.33,rain,0,0,55.4,21.5,94.7,1017.5,100,13.6,16.2,1.5,1,10,2023-01-12T07:19:11,2023-01-12T16:49:48,0.69,"Rain, Overcast",Cloudy skies throughout the day with rain.,rain,"72505394728,KLGA,KNYC,F1417,72503014732"
New York,2023-01-13,13.2,3.9,9.4,13.2,-0.3,8,5.2,75.8,4.105,100,16.67,rain,0,0,59.4,23.5,275.4,1002.2,88.3,14.8,26.6,2.1,2,10,2023-01-13T07:18:52,2023-01-13T16:50:53,0.73,"Rain, Partially cloudy",Partly cloudy throughout the day with rain clearing later.,rain,"72505394728,KLGA,KNYC,F1417,72503014732"
New York,2023-01-14,3.4,0,1.2,-0.6,-6,-3.7,-5.1,62.9,0,0,0,"rain,snow",0,0,66.6,29.5,359.8,1009.5,99.8,14.8,44.1,3.8,2,10,2023-01-14T07:18:31,2023-01-14T16:51:59,0.75,Overcast,Cloudy skies throughout the day.,cloudy,"72505394728,KLGA,KNYC,F1417,72503014732"
New York,2023-01-15,4.8,-1.2,1.2,1.3,-7.2,-3.8,-8.2,50.9,0,0,0,"rain,snow",0,0,68.4,35.3,353.7,1015.3,42.4,16,111.7,9.7,5,10,2023-01-15T07:18:07,2023-01-15T16:53:06,0.79,Partially cloudy,Clearing in the afternoon.,partly-cloudy-day,"72505394728,KLGA,KNYC,F1417,72503014732"
New York,2023-01-16,8.7,-1.4,2.6,6.6,-7.5,-1.3,-11.8,35.2,0,0,0,"rain,snow",0,0,47.9,27.7,321.2,1011.9,30.9,16,116.6,10.1,5,10,2023-01-16T07:17:42,2023-01-16T16:54:13,0.83,Partially cloudy,Clearing in the afternoon.,partly-cloudy-day,"72505394728,KLGA,F8726,KNYC,F1417,72503014732"
New York,2023-01-17,8.3,2.2,5.6,8.3,-1.1,4.3,-9.5,33.3,0,0,0,"rain,snow",0,0,25.9,15,269.5,1005.9,64.4,16,49.8,4.3,2,10,2023-01-17T07:17:14,2023-01-17T16:55:22,0.86,Partially cloudy,Partly cloudy throughout the day.,partly-cloudy-day,"D9152,72505394728,KLGA,KNYC,F1417,72503014732"
New York,2023-01-18,11,6.6,8.8,11,4.1,7,0.9,58.5,1.22,100,8.33,rain,0,0,48.4,30.6,283.2,1008.6,58.8,15.8,73.5,6.4,4,10,2023-01-18T07:16:44,2023-01-18T16:56:31,0.89,"Rain, Partially cloudy",Partly cloudy throughout the day with early morning rain.,rain,"72505394728,KLGA,F8726,KNYC,F1417,72503014732"
New York,2023-01-19,7.2,4.4,5.5,6.7,1.3,3.6,1.8,78.5,20.571,100,62.5,rain,0,0,33.5,15,36,1012.3,74.3,10.6,10,0.6,0,10,2023-01-19T07:16:12,2023-01-19T16:57:41,0.93,"Rain, Partially cloudy",Partly cloudy throughout the day with rain.,rain,"72505394728,KLGA,F8726,KNYC,F1417,72503014732"
New York,2023-01-20,9.2,4.5,6.8,6.4,3.1,4.6,1.2,69.1,0.08,100,4.17,rain,0,0,46.4,26.6,280.7,1005.2,88.2,15.7,60,5.1,4,10,2023-01-20T07:15:38,2023-01-20T16:58:52,0.96,"Rain, Partially cloudy",Partly cloudy throughout the day with early morning rain.,rain,"72505394728,KLGA,F8726,KNYC,F1417,72503014732"
New York,2023-01-21,6,2.9,3.9,3.2,-1.2,1.1,-4.1,56,0,0,0,,0,0,35.3,25.3,320.9,1019.4,97.8,16,39.7,3.6,2,10,2023-01-21T07:15:02,2023-01-21T17:00:03,0,Overcast,Cloudy skies throughout the day.,cloudy,"72505394728,KLGA,F8726,KNYC,F1417,72503014732"
New York,2023-01-22,5.5,2.4,3.7,5.5,-0.6,1.7,-2.9,63.3,9.161,100,29.17,rain,0,0,22.3,16.3,241.7,1018.7,91.4,13.7,47,4.2,3,10,2023-01-22T07:14:24,2023-01-22T17:01:15,0.03,"Rain, Overcast",Cloudy skies throughout the day with rain.,rain,"72505394728,KLGA,F8726,KNYC,F1417,72503014732"
New York,2023-01-23,3.9,2.2,3.2,2.8,-4,-0.7,0.2,81.8,14.19,100,66.67,rain,0,0,56.2,37.1,323.2,1003.9,99.4,10.8,20.9,1.8,1,10,2023-01-23T07:13:44,2023-01-23T17:02:27,0.06,"Rain, Overcast",Cloudy skies throughout the day with a chance of rain throughout the day.,rain,"72505394728,KLGA,KNYC,F1417,72503014732"
New York,2023-01-24,7.4,1.8,4.3,4.1,-2.6,1,-5.1,50.9,0,0,0,,0,0,51,22.8,285.5,1019.6,69.5,16,113.5,9.9,6,10,2023-01-24T07:13:01,2023-01-24T17:03:39,0.1,Partially cloudy,Partly cloudy throughout the day.,partly-cloudy-day,"72505394728,KLGA,F8726,KNYC,F1417,72503014732"
New York,2023-01-25,12.1,2.2,4.7,12.1,-2.1,2.5,-1.1,67.9,20.68,100,41.67,rain,0,0,59.2,25.9,101.9,1019.4,62.7,12.7,24.4,2.1,1,10,2023-01-25T07:12:17,2023-01-25T17:04:52,0.13,"Rain, Partially cloudy",Becoming cloudy in the afternoon with rain.,rain,"72505394728,KLGA,KNYC,F1417,72503014732"
New York,2023-01-26,13,5,7.9,13,1,5.4,0.8,62.7,11.815,100,20.83,rain,0,0,57.7,33.5,260.5,1002.7,90.6,14.9,37.5,3.3,1,10,2023-01-26T07:11:31,2023-01-26T17:06:05,0.16,"Rain, Overcast",Cloudy skies throughout the day with early morning rain.,rain,"72505394728,KLGA,F8726,KNYC,F1417,72503014732"
New York,2023-01-27,5.3,2.4,3.9,3.3,-0.9,1.3,-5.2,52.4,0,0,0,,0,0,35.3,21,254.4,1018.2,40.2,16,68.8,5.9,3,10,2023-01-27T07:10:43,2023-01-27T17:07:19,0.2,Partially cloudy,Becoming cloudy in the afternoon.,partly-cloudy-day,"72505394728,KLGA,F8726,KNYC,F1417,72503014732"
New York,2023-01-28,11.1,2.9,6.8,11.1,-0.6,4.7,-4.7,44.3,0.699,100,4.17,rain,0,0,96.1,20.5,241.4,1023.8,27.5,16,106.9,9.3,5,10,2023-01-28T07:09:53,2023-01-28T17:08:33,0.25,"Rain, Partially cloudy",Clearing in the afternoon with afternoon rain.,rain,"72505394728,72055399999,KLGA,KJRB,F8726,KNYC,F1417,72503014732"
New York,2023-01-29,11.1,6.1,8.3,11.1,4.6,7.3,-0.6,54.2,0,0,0,,0,0,32.6,16.2,255.9,1023.5,36.7,16,41,3.5,2,10,2023-01-29T07:09:02,2023-01-29T17:09:47,0.26,Partially cloudy,Becoming cloudy in the afternoon.,partly-cloudy-day,"72505394728,72055399999,KLGA,KJRB,F8726,KNYC,F1417,72503014732"
New York,2023-01-30,12.8,5.1,8.2,12.8,3.7,7.2,2,65.4,0,0,0,,0,0,31.7,14.7,253.5,1020.8,23.1,16,108.1,9.3,5,10,2023-01-30T07:08:08,2023-01-30T17:11:01,0.3,Partially cloudy,Becoming cloudy in the afternoon.,partly-cloudy-day,"72505394728,72055399999,KLGA,KJRB,F8726,KNYC,F1417,72503014732"
New York,2023-01-31,8.4,1.1,3.9,6.9,-3.9,1.6,-2.8,63.1,0.318,100,16.67,rain,0,0,79.6,20.2,8.3,1022,99.4,15.9,36.2,3.1,2,10,2023-01-31T07:07:13,2023-01-31T17:12:15,0.33,"Rain, Overcast",Cloudy skies throughout the day with morning rain.,rain,"72505394728,72055399999,KLGA,KJRB,F8726,KNYC,F1417,72503014732"
New York,2023-02-01,4.9,-1.7,1.2,2.1,-6.8,-2.3,-8,53.2,0.038,100,8.33,"rain,snow",0.9,0,47.9,21.6,9.9,1024.6,50.4,15.6,130.2,11.1,6,10,2023-02-01T07:06:16,2023-02-01T17:13:29,0.36,"Snow, Rain, Partially cloudy",Clearing in the afternoon with rain or snow clearing later.,snow,"72505394728,72055399999,KLGA,KJRB,F8726,KNYC,F1417,72503014732"
New York,2023-02-02,4.9,-1.2,1.8,1.5,-4.2,-1.8,-9.4,44.2,0.23,100,4.17,rain,0,0,87.1,23.3,257.5,1020.2,2.3,16,136.5,11.6,6,10,2023-02-02T07:05:17,2023-02-02T17:14:44,0.4,Rain,Clear conditions throughout the day with late afternoon rain.,rain,"72505394728,72055399999,KLGA,KJRB,F8726,KNYC,F1417,72503014732"
New York,2023-02-03,2.1,-10.1,-3.3,-0.4,-14.8,-7.5,-13.6,45.5,0.469,100,4.17,snow,0,0,63.3,25.2,286.6,1017.1,33.1,16,148.1,12.7,6,10,2023-02-03T07:04:17,2023-02-03T17:15:58,0.43,"Snow, Partially cloudy",Partly cloudy throughout the day with afternoon snow.,rain,"72505394728,72055399999,KLGA,KJRB,KNYC,F1417,72503014732"
New York,2023-02-04,-2.8,-14.2,-8.3,-8.2,-23.4,-13.7,-18.2,45.7,0,0,0,,0,0,60.8,28.8,262,1034.4,17.5,16,146,12.6,6,10,2023-02-04T07:03:15,2023-02-04T17:17:12,0.46,Clear,Clear conditions throughout the day.,clear-day,"72505394728,72055399999,KLGA,KJRB,KNYC,F1417,72503014732"
New York,2023-02-05,9.3,-2.8,3.5,9.3,-8.4,0.8,-5.7,52.2,0,0,0,,0,0,66.6,21.3,237.3,1022.6,2.5,16,115.8,10,5,10,2023-02-05T07:02:11,2023-02-05T17:18:27,0.5,Clear,Clear conditions throughout the day.,clear-day,"72505394728,72055399999,KLGA,KJRB,F8726,KNYC,F1417,72503014732"
New York,2023-02-06,11.6,2.8,6.7,11.6,0.1,5.4,-1.3,57.9,0.46,100,8.33,rain,0,0,73.5,20.2,30.5,1017.1,42.6,16,105.8,9.2,6,10,2023-02-06T07:01:06,2023-02-06T17:19:41,0.53,"Rain, Partially cloudy",Partly cloudy throughout the day with afternoon rain.,rain,"72505394728,72055399999,KLGA,KJRB,F8726,KNYC,F1417,72503014732"
New York,2023-02-07,5.6,0.5,3,3.8,-3.9,0.1,-3.9,61.1,0.019,100,4.17,rain,0,0,72,25.1,144.5,1025.7,16.5,16,102,8.8,5,10,2023-02-07T06:59:59,2023-02-07T17:20:55,0.57,Rain,Clear conditions throughout the day with late afternoon rain.,rain,"72505394728,72055399999,KLGA,KJRB,KNYC,F1417,72503014732"
New York,2023-02-08,13.2,3.4,7.8,13.2,0.5,6.6,-1.2,56.4,0.474,100,12.5,rain,0,0,66.6,16.4,268.9,1022.6,13.7,15.8,148.3,12.8,6,10,2023-02-08T06:58:51,2023-02-08T17:22:09,0.6,Rain,Clear conditions throughout the day with a chance of rain throughout the day.,rain,"72505394728,72055399999,KLGA,KJRB,KNYC,F1417,72503014732"
New York,2023-02-09,11.7,3.9,7.9,11.7,2.7,7.3,2.7,69.7,0,0,0,,0,0,89.6,14.8,155.1,1021.3,65.6,16,30.9,2.6,1,10,2023-02-09T06:57:41,2023-02-09T17:23:23,0.64,Partially cloudy,Partly cloudy throughout the day.,partly-cloudy-day,"72505394728,72055399999,KLGA,KJRB,KNYC,F1417,72503014732"
New York,2023-02-10,15.5,7.9,12.7,15.5,5.6,12.4,2.7,52.9,0,0,0,,0,0,74.6,21.7,266.7,1012.2,16.8,15.9,151.7,13,6,10,2023-02-10T06:56:30,2023-02-10T17:24:37,0.67,Clear,Clear conditions throughout the day.,clear-day,"72505394728,72055399999,KLGA,KJRB,KNYC,F1417,72503014732"
New York,2023-02-11,9.2,3.3,6,7.5,0.3,4,-6.3,41.7,0,0,0,,0,0,50,20,277.5,1023.9,9.7,16,159.8,13.6,6,10,2023-02-11T06:55:17,2023-02-11T17:25:50,0.7,Clear,Clear conditions throughout the day.,clear-day,"72505394728,72055399999,KLGA,KJRB,KNYC,F1417,72503014732"
New York,2023-02-12,7.9,2.3,5.1,7.9,0.1,3.2,-3.6,54.1,0.019,100,4.17,rain,0,0,31.4,23.7,352.4,1018.2,25,16,69.9,6,3,10,2023-02-12T06:54:04,2023-02-12T17:27:04,0.74,"Rain, Partially cloudy",Partly cloudy throughout the day with late afternoon rain.,rain,"72505394728,72055399999,KLGA,KJRB,F8726,KNYC,F1417,72503014732"
New York,2023-02-13,13.9,5,9,13.9,0.9,7.8,-6.5,34,0.235,100,4.17,rain,0,0,66.6,25.4,308.4,1003.4,38.4,16,152.5,12.9,6,10,2023-02-13T06:52:48,2023-02-13T17:28:17,0.75,"Rain, Partially cloudy",Clearing in the afternoon with early morning rain.,rain,"72505394728,72055399999,KLGA,KJRB,F8726,KNYC,F1417,72503014732"
New York,2023-02-14,12.8,5.6,8.9,12.8,3.8,8.5,-4.5,39,0,0,0,,0,0,59,15.1,272,1016.5,0.4,16,169.3,14.7,7,10,2023-02-14T06:51:32,2023-02-14T17:29:30,0.81,Clear,Clear conditions throughout the day.,clear-day,"72505394728,72055399999,KLGA,KJRB,KNYC,F1417,72503014732"
New York,2023-02-15,17.8,7.3,12.2,17.8,6,11.9,1.9,50,0.23,100,4.17,rain,0,0,79.6,21.6,246.2,1017.4,10.9,16,100.5,8.5,5,10,2023-02-15T06:50:14,2023-02-15T17:30:42,0.84,Rain,Clear conditions throughout the day with afternoon rain.,rain,"72505394728,72055399999,KLGA,KJRB,F8726,KNYC,F1417,72503014732"
New York,2023-02-16,16.9,10.9,13.5,16.9,10.9,13.5,6.4,63.4,1.271,100,16.67,rain,0,0,38.9,13.4,262.8,1014.9,35.7,15.9,74.2,6.4,4,10,2023-02-16T06:48:55,2023-02-16T17:31:55,0.88,"Rain, Partially cloudy",Becoming cloudy in the afternoon with rain.,rain,"72505394728,72055399999,KLGA,KJRB,KNYC,F1417,72503014732"
New York,2023-02-17,16.1,1.1,10.6,16.1,-2,9.8,6.2,74.6,4.097,100,29.17,rain,0,0,57.6,21.1,265,1005.7,84.3,14.3,19.8,1.7,1,10,2023-02-17T06:47:35,2023-02-17T17:33:07,0.91,"Rain, Partially cloudy",Partly cloudy throughout the day with rain.,rain,"72505394728,72055399999,KLGA,KJRB,F8726,KNYC,F1417,72503014732"
New York,2023-02-18,7.1,-1.7,2.6,4,-4.1,-0.4,-8.3,45.6,0.23,100,4.17,rain,0,0,71.3,18.4,262.4,1025.6,23.5,15.9,177.8,15.3,7,10,2023-02-18T06:46:14,2023-02-18T17:34:19,0.95,"Rain, Partially cloudy",Partly cloudy throughout the day with morning rain.,rain,"72505394728,72055399999,KLGA,KJRB,KNYC,F1417,72503014732"
New York,2023-02-19,9.3,2.9,5.7,7.2,-0.5,3.4,-1.3,61.3,0,0,0,,0,0,55.4,37.1,209.4,1024.5,2.6,16,107.5,9.1,4,10,2023-02-19T06:44:52,2023-02-19T17:35:30,0.98,Clear,Clear conditions throughout the day.,clear-day,"72505394728,72055399999,KLGA,KJRB,KNYC,F1417,72503014732"
New York,2023-02-20,16.2,7.3,10.4,16.2,4.9,9.4,3.4,65.7,0,0,0,,0,0,35.3,22.4,271.3,1007.3,41.5,15.8,95.4,8.4,6,10,2023-02-20T06:43:28,2023-02-20T17:36:42,0,Partially cloudy,Partly cloudy throughout the day.,partly-cloudy-day,"72505394728,72055399999,KLGA,KJRB,KNYC,F1417,72503014732"
New York,2023-02-21,10.6,3.3,6.1,10.6,-1.5,4,1.7,74.6,2.028,100,33.33,rain,0,0,37.1,23.6,36.4,1005.1,73.2,15.8,47.1,4.1,3,10,2023-02-21T06:42:04,2023-02-21T17:37:52,0.05,"Rain, Partially cloudy",Partly cloudy throughout the day with a chance of rain throughout the day.,rain,"72505394728,72055399999,KLGA,KJRB,F8726,KNYC,F1417,72503014732"
New York,2023-02-22,6.2,3.3,4.7,6.1,-1.3,2.7,-2.4,62.1,2.58,100,16.67,rain,0,0,66.6,21.9,22.8,1018.4,57.7,15.8,50,4.1,3,10,2023-02-22T06:40:38,2023-02-22T17:39:03,0.08,"Rain, Partially cloudy",Partly cloudy throughout the day with rain in the morning and afternoon.,rain,"72505394728,72055399999,KLGA,KJRB,F8726,KNYC,F1417,72503014732"
New York,2023-02-23,6.2,3.8,4.7,3.8,-0.9,1.4,2.9,88.3,0.036,100,8.33,rain,0,0,33.5,23.9,56.1,1013.4,100,14.8,40,3.3,2,10,2023-02-23T06:39:12,2023-02-23T17:40:14,0.11,"Rain, Overcast",Cloudy skies throughout the day with early morning rain.,rain,"72505394728,72055399999,KLGA,KJRB,KNYC,F1417,72503014732"
New York,2023-02-24,8.3,-1.7,5.2,7.1,-4.2,3.2,-3.7,56.8,0,0,0,,0,0,58.1,14,306.5,1022.9,46.9,13.7,141.4,12.3,6,10,2023-02-24T06:37:45,2023-02-24T17:41:24,0.14,Partially cloudy,Partly cloudy throughout the day.,partly-cloudy-day,"72505394728,72055399999,KLGA,KJRB,KNYC,F1417,72503014732"
New York,2023-02-25,0.6,-3.9,-1.6,-1.2,-8.1,-4.5,-8.3,60,0,0,0,,0.6,0,35.3,12.8,146.3,1029.5,57.1,15.9,68.9,6.1,2,10,2023-02-25T06:36:16,2023-02-25T17:42:33,0.18,Partially cloudy,Partly cloudy throughout the day.,snow,"72505394728,72055399999,KLGA,KJRB,KNYC,F1417,72503014732"
New York,2023-02-26,11.1,-0.7,3.8,11.1,-4.8,1,-2.8,63.9,0.938,100,4.17,rain,0,0,48.9,25.1,260.2,1013.5,27.5,15.9,100.5,8.7,6,10,2023-02-26T06:34:47,2023-02-26T17:43:43,0.21,"Rain, Partially cloudy",Partly cloudy throughout the day with afternoon rain.,rain,"72505394728,72055399999,KLGA,KJRB,KNYC,F1417,72503014732"
New York,2023-02-27,6.7,1.6,3.8,6.1,-3.4,1.2,-4.6,55.5,0.811,100,12.5,"rain,snow",0,0.3,47,23.7,84.4,1013.6,36.9,15.1,166.5,14.3,7,10,2023-02-27T06:33:18,2023-02-27T17:44:52,0.25,"Snow, Rain, Partially cloudy",Partly cloudy throughout the day with late afternoon rain or snow.,rain,"72505394728,72055399999,KLGA,KJRB,KNYC,F1417,72503014732"
New York,2023-02-28,3.3,1,2.2,2.8,-5.5,-1.7,1.1,93.1,1.076,100,62.5,"rain,snow",7.1,5.8,44.7,33,30.3,1008.2,83.8,13,32.9,2.7,1,10,2023-02-28T06:31:47,2023-02-28T17:46:01,0.28,"Snow, Rain, Partially cloudy",Partly cloudy throughout the day with a chance of rain or snow throughout the day.,snow,"72505394728,72055399999,KLGA,KJRB,KNYC,F1417,72503014732"
New York,2023-03-01,6.6,2.1,4.6,5,-1.2,1.8,-0.4,70.8,0.235,100,8.33,rain,0,1.7,28,18.4,94,1019,51.3,15.4,134.3,11.7,7,10,2023-03-01T06:30:16,2023-03-01T17:47:09,0.31,"Rain, Partially cloudy",Becoming cloudy in the afternoon with rain.,rain,"72505394728,72055399999,KLGA,KJRB,KNYC,F1417,72503014732"
New York,2023-03-02,11.7,4.4,7.2,11.7,1,5.7,2.6,75.8,0,0,0,,0,0,55.1,20,354.9,1007,60.5,10.7,80.8,7.1,5,10,2023-03-02T06:28:44,2023-03-02T17:48:17,0.34,Partially cloudy,Partly cloudy throughout the day.,partly-cloudy-day,"72505394728,72055399999,KLGA,KJRB,KNYC,F1417,72503014732"
New York,2023-03-03,7.5,3.3,5.1,6.8,-0.3,2.6,-2.2,60.3,1.522,100,16.67,rain,0,0,57.2,32.7,58.4,1015.4,38.8,15.9,112.6,9.7,6,10,2023-03-03T06:27:11,2023-03-03T17:49:25,0.37,"Rain, Partially cloudy",Becoming cloudy in the afternoon with rain.,rain,"72505394728,72055399999,KLGA,KJRB,KNYC,F1417,72503014732"
New York,2023-03-04,8.3,4.3,6,7.2,0.4,3.4,2.9,81.2,11.493,100,41.67,rain,0,0,66.2,45.6,24.6,1002.4,99.8,14,71,6.1,4,10,2023-03-04T06:25:37,2023-03-04T17:50:33,0.41,"Rain, Overcast",Cloudy skies throughout the day with rain clearing later.,rain,"72505394728,72055399999,KLGA,KJRB,KNYC,F1417,72503014732"
New York,2023-03-05,12.1,3.8,7.4,12.1,1.1,6.2,-1.8,53.2,0,0,0,,0,0,55.4,16.5,288.6,1019.8,46.6,16,154.6,13.4,7,10,2023-03-05T06:24:03,2023-03-05T17:51:40,0.44,Partially cloudy,Partly cloudy throughout the day.,partly-cloudy-day,"72505394728,72055399999,KLGA,KJRB,KNYC,F1417,72503014732"
New York,2023-03-06,12.1,4.4,8.2,12.1,1.3,7.1,-5,41.1,0,0,0,,0,0,73.1,18.1,290.9,1018.7,19.4,16,177.3,15.3,6,10,2023-03-06T06:22:29,2023-03-06T17:52:47,0.47,Clear,Clear conditions throughout the day.,clear-day,"72505394728,72055399999,KLGA,KJRB,KNYC,F1417,72503014732"
New York,2023-03-07,9.3,1.1,4.8,7.9,-2.1,2.7,-5.5,51.2,1.482,100,25,"rain,snow",2,0.5,63.5,24,307.2,1011.2,66.7,15.5,199.2,17.3,8,10,2023-03-07T06:20:54,2023-03-07T17:53:54,0.5,"Snow, Rain, Partially cloudy",Clearing in the afternoon with a chance of rain or snow throughout the day.,snow,"72505394728,72055399999,KLGA,KJRB,KNYC,F1417,72503014732"
New York,2023-03-08,9.3,0,4.3,8.7,-3.3,2.3,-5,51.3,0,0,0,,0,0,60.9,15.4,326.4,1020.5,17.4,16,213,18.3,8,10,2023-03-08T06:19:18,2023-03-08T17:55:01,0.54,Clear,Clear conditions throughout the day.,clear-day,"72505394728,72055399999,KLGA,KJRB,F8726,KNYC,F1417,72503014732"
New York,2023-03-09,12.1,1.3,5.9,12.1,-3.2,4.2,-3.2,53.2,0.469,100,4.17,rain,0,0,59.2,20.1,5.3,1021.7,14.3,16,218.5,18.8,8,10,2023-03-09T06:17:42,2023-03-09T17:56:07,0.58,Rain,Clear conditions throughout the day with morning rain.,rain,"72505394728,72055399999,KLGA,KJRB,F8726,KNYC,F1417,72503014732"
New York,2023-03-10,7.2,3.3,5.2,7.2,-0.8,2.8,-0.4,67.7,0.451,100,16.67,rain,0,0,66.6,17.7,62.3,1015,62.4,15.8,79.1,6.7,4,10,2023-03-10T06:16:05,2023-03-10T17:57:13,0.61,"Rain, Partially cloudy",Partly cloudy throughout the day with late afternoon rain.,rain,"72505394728,72055399999,KLGA,KJRB,F8726,KNYC,F1417,72503014732"
New York,2023-03-11,7.1,2.8,4.9,5.3,-0.2,2.3,1.5,80.3,0.692,100,45.83,rain,0,0,44.3,18.6,26.5,1008.3,97,15.7,64.7,5.7,4,10,2023-03-11T06:14:28,2023-03-11T17:58:19,0.65,"Rain, Overcast",Cloudy skies throughout the day with rain clearing later.,rain,"72505394728,72055399999,KLGA,KJRB,KNYC,F1417,72503014732"
New York,2023-03-12,8.3,1.7,4.8,7.1,-1,2.6,-2.5,60.5,0,0,0,,0,0,50,14.4,85.7,1016.7,12.9,16,155.2,12.9,5,10,2023-03-12T07:12:51,2023-03-12T18:59:24,0.68,Clear,Clear conditions throughout the day.,clear-day,"72505394728,72055399999,KLGA,KJRB,F8726,KNYC,F1417,72503014732"
New York,2023-03-13,6.8,3.9,5.2,4.6,0.8,2.4,2.9,85.2,10.958,100,70.83,rain,0,0,42.5,24.2,63.7,1012,100,9,35.3,2.9,1,10,2023-03-13T07:11:13,2023-03-13T19:00:30,0.72,"Rain, Overcast",Cloudy skies throughout the day with a chance of rain throughout the day.,rain,"72505394728,72055399999,KLGA,KJRB,KNYC,F1417,72503014732"
New York,2023-03-14,3.9,1,2.1,3.9,-4.3,-2.5,-1.4,78.3,8.825,100,37.5,"rain,snow",1.5,0,53.2,31.4,286.5,1000.7,97.8,10.1,56.7,4.8,3,10,2023-03-14T07:09:35,2023-03-14T19:01:35,0.75,"Snow, Rain, Overcast",Cloudy skies throughout the day with a chance of rain or snow throughout the day.,snow,"72505394728,KLGA,F8726,KNYC,F1417,72503014732"
New York,2023-03-15,6.8,1.3,3.6,2.8,-4.7,-1.5,-6.7,47.8,0,0,0,,0,0,64.3,36,301.8,1008.8,27.3,16,215,18.7,8,10,2023-03-15T07:07:57,2023-03-15T19:02:40,0.79,Partially cloudy,Becoming cloudy in the afternoon.,partly-cloudy-day,"72505394728,KLGA,F8726,KNYC,F1417,72503014732"
New York,2023-03-16,14.5,1.8,7.5,14.5,-2,5.5,-10,28.3,0,0,0,,0,0,46.4,21.3,286.3,1015.7,12.2,16,194.8,16.7,8,10,2023-03-16T07:06:18,2023-03-16T19:03:44,0.82,Clear,Clear conditions throughout the day.,clear-day,"72505394728,KLGA,KNYC,F1417,72503014732"
New York,2023-03-17,14.8,8.4,11.6,14.8,7.3,11.5,-2.2,39.2,0,0,0,,0,0,33.5,21.7,213,1006.7,53.1,16,128.8,11.2,6,10,2023-03-17T07:04:40,2023-03-17T19:04:49,0.86,Partially cloudy,Partly cloudy throughout the day.,partly-cloudy-day,"72505394728,72055399999,KLGA,KJRB,KNYC,F1417,72503014732"
New York,2023-03-18,13.9,6.2,9.5,13.9,3.7,8.6,-2.7,44.3,0.033,100,8.33,rain,0,0,80.7,30.8,271.9,1006,38,16,227.6,19.7,8,10,2023-03-18T07:03:01,2023-03-18T19:05:53,0.89,"Rain, Partially cloudy",Clearing in the afternoon with early morning rain.,rain,"72505394728,72055399999,KLGA,KJRB,F8726,KNYC,F1417,72503014732"
New York,2023-03-19,6.2,-0.7,2.9,3.8,-5.6,-0.6,-10.4,37.5,0,0,0,,0,0,51.1,24.6,270.5,1016.2,21.2,16,255.8,22.1,9,10,2023-03-19T07:01:22,2023-03-19T19:06:57,0.93,Partially cloudy,Partly cloudy throughout the day.,partly-cloudy-day,"72505394728,72055399999,KLGA,KJRB,F8726,KNYC,F1417,72503014732"
New York,2023-03-20,10,0,5,10,-3.6,2.4,-6.9,42.8,0,0,0,,0,0,55.9,17.5,246.1,1025.1,0.1,15.9,239.8,20.6,8,10,2023-03-20T06:59:42,2023-03-20T19:08:01,0.96,Clear,Clear conditions throughout the day.,clear-day,"72505394728,72055399999,KLGA,KJRB,F8726,KNYC,F1417,72503014732"
New York,2023-03-21,16.7,3.5,9.9,16.7,0.7,8.9,-6,35,0,0,0,,0,0,57.4,22.2,256.3,1027.6,0.6,16,244.9,21.1,8,10,2023-03-21T06:58:03,2023-03-21T19:09:05,0,Clear,Clear conditions throughout the day.,clear-day,"72505394728,72055399999,KLGA,KJRB,F8726,KNYC,F1417,72503014732"
New York,2023-03-22,15.7,7.3,10.4,15.7,5.9,9.9,-0.2,50,0,0,0,,0,0,55.4,14.1,228.9,1026.9,27.3,16,195.6,16.9,8,10,2023-03-22T06:56:23,2023-03-22T19:10:09,0.03,Partially cloudy,Becoming cloudy in the afternoon.,partly-cloudy-day,"72505394728,72055399999,KLGA,KJRB,F8726,KNYC,F1417,72503014732"
New York,2023-03-23,14,8.4,11.2,14,6.9,11.1,8.4,83.2,0.124,100,16.67,rain,0,0,86.8,17.9,262.5,1014,65.5,14.9,59.7,5.1,2,10,2023-03-23T06:54:44,2023-03-23T19:11:13,0.06,"Rain, Partially cloudy",Partly cloudy throughout the day with afternoon rain.,rain,"72505394728,72055399999,KLGA,KJRB,F8726,KNYC,F1417,72503014732"
New York,2023-03-24,13.9,6.7,9.7,13.9,3.9,9.1,0,51.7,0,0,0,,0,0,70.2,14.6,292.2,1014.3,36.4,15.9,119.4,10.4,5,10,2023-03-24T06:53:05,2023-03-24T19:12:16,0.1,Partially cloudy,Partly cloudy throughout the day.,partly-cloudy-day,"72505394728,72055399999,KLGA,KJRB,F8726,KNYC,F1417,72503014732"
New York,2023-03-25,8.4,6.1,6.7,5.8,1.2,2.9,2.4,76,0.241,100,33.33,rain,0,0,51.2,34.1,51.5,1013.8,78.7,13.7,16.2,1.4,1,10,2023-03-25T06:51:25,2023-03-25T19:13:20,0.13,"Rain, Partially cloudy",Partly cloudy throughout the day with rain.,rain,"72505394728,72055399999,KLGA,KJRB,F8726,KNYC,F1417,72503014732"
New York,2023-03-26,17.2,6.7,11.4,17.2,3.9,10.7,-0.1,52.7,0,0,0,,0,0,45.8,23.7,268.6,1011.6,25.7,13.6,255.3,21.8,9,10,2023-03-26T06:49:46,2023-03-26T19:14:23,0.16,Partially cloudy,Partly cloudy throughout the day.,partly-cloudy-day,"72505394728,72055399999,KLGA,KJRB,KNYC,F1417,72503014732"
New York,2023-03-27,14.3,7.2,10.3,14.3,3.5,9.4,-0.9,48.8,0.416,100,16.67,rain,0,0,31.4,23.6,58.7,1016.3,41.2,16,173.8,15.1,8,10,2023-03-27T06:48:06,2023-03-27T19:15:26,0.19,"Rain, Partially cloudy",Becoming cloudy in the afternoon with late afternoon rain.,rain,"72505394728,72055399999,KLGA,KJRB,F8726,KNYC,F1417,72503014732"
New York,2023-03-28,11.1,6.6,8.4,11.1,3.7,7.5,0.7,61.3,0,0,0,,0,0,71.1,16.3,1.2,1018.2,85,16,116.2,10,5,10,2023-03-28T06:46:27,2023-03-28T19:16:29,0.25,Partially cloudy,Partly cloudy throughout the day.,partly-cloudy-day,"72505394728,72055399999,KLGA,KJRB,F8726,KNYC,F1417,72503014732"
New York,2023-03-29,12.8,5.6,8.2,12.8,3.1,6.7,-4,44,0,0,0,,0,0,58.6,16.7,256.5,1020,1.9,16,252.5,21.9,9,10,2023-03-29T06:44:48,2023-03-29T19:17:32,0.26,Clear,Clear conditions throughout the day.,clear-day,"72505394728,72055399999,KLGA,KJRB,KNYC,F1417,72503014732"
New York,2023-03-30,9.2,0.6,5,8.7,-2.6,3,-8.2,40.5,0.026,100,12.5,rain,0,0,81.4,16.7,280,1024.7,14.4,16,267.1,22.9,9,10,2023-03-30T06:43:09,2023-03-30T19:18:35,0.29,Rain,Clear conditions throughout the day with early morning rain.,rain,"72505394728,72055399999,KLGA,KJRB,KNYC,F1417,72503014732"
New York,2023-03-31,12.8,3.9,7.7,12.8,1.2,6.3,-0.5,56.6,0,0,0,,0,0,57.2,20.2,210.5,1023.4,62.5,15.9,139.1,12,6,10,2023-03-31T06:41:30,2023-03-31T19:19:38,0.32,Partially cloudy,Partly cloudy throughout the day.,partly-cloudy-day,"72505394728,72055399999,KLGA,KJRB,F8726,KNYC,F1417,72503014732"
New York,2023-04-01,20.1,12.3,15.1,20.1,12.3,15.1,9.7,71.6,0.555,100,37.5,rain,0,0,61.2,25.4,263.6,1000.9,78,15.7,120.3,10.2,7,10,2023-04-01T06:39:52,2023-04-01T19:20:41,0.35,"Rain, Partially cloudy",Partly cloudy throughout the day with a chance of rain throughout the day.,rain,"72505394728,72055399999,KLGA,KJRB,KNYC,F1417,72503014732"
New York,2023-04-02,12.1,5.6,9.1,12.1,3.6,8.5,-6.1,36.8,0.028,100,4.17,rain,0,0,76.2,16.5,293.8,1011.5,27.2,16,275.2,24,9,10,2023-04-02T06:38:14,2023-04-02T19:21:44,0.39,"Rain, Partially cloudy",Clearing in the afternoon with early morning rain.,rain,"72505394728,72055399999,KLGA,KJRB,KNYC,F1417,72503014732"
New York,2023-04-03,13.9,4.3,9.1,13.9,1.5,7.9,-1.7,47.5,0,0,0,,0,0,60.7,21.8,161,1019.7,0.6,15.8,253,21.9,9,10,2023-04-03T06:36:36,2023-04-03T19:22:47,0.42,Clear,Clear conditions throughout the day.,clear-day,"72505394728,72055399999,KLGA,KJRB,KNYC,F1417,72503014732"
New York,2023-04-04,20.7,8.8,14.8,20.7,6.8,14.5,9.2,69.8,0,0,0,,0,0,59,12.6,25.3,1017,22.4,15.8,234.5,20.1,8,10,2023-04-04T06:34:58,2023-04-04T19:23:50,0.45,Partially cloudy,Partly cloudy throughout the day.,partly-cloudy-day,"72505394728,72055399999,KLGA,KJRB,KNYC,F1417,72503014732"
New York,2023-04-05,12.9,8,10.5,12.9,5.8,9.6,9.2,91.8,0,0,0,,0,0,39.9,29.3,43.3,1022.8,91.8,9.3,42.6,3.6,1,10,2023-04-05T06:33:21,2023-04-05T19:24:53,0.48,Overcast,Cloudy skies throughout the day.,cloudy,"72505394728,72055399999,KLGA,KJRB,F8726,KNYC,F1417,72503014732"
New York,2023-04-06,24.4,7.8,14.4,24.4,5.4,14,9.5,74.8,0,0,0,,0,0,76,13.9,1.6,1019.9,78.7,9.2,143.4,12.5,6,10,2023-04-06T06:31:44,2023-04-06T19:25:55,0.5,Partially cloudy,Partly cloudy throughout the day.,partly-cloudy-day,"72505394728,72055399999,KLGA,KJRB,F8726,KNYC,F1417,72503014732"
New York,2023-04-07,16,7.9,12.2,16,7.1,12.2,-4.6,31.7,0,0,0,,0,0,64.7,18.6,300.3,1026.5,36.8,16,89.8,7.7,3,10,2023-04-07T06:30:08,2023-04-07T19:26:58,0.55,Partially cloudy,Clearing in the afternoon.,partly-cloudy-day,"72505394728,72055399999,KLGA,KJRB,KNYC,F1417,72503014732"
New York,2023-04-08,11.1,3.5,7.5,11.1,0.3,6.1,-6.6,36.7,0,0,0,,0,0,38.9,22.3,320.7,1031.8,15.3,16,228.1,19.8,8,10,2023-04-08T06:28:32,2023-04-08T19:28:01,0.59,Clear,Clear conditions throughout the day.,clear-day,"D9152,72505394728,72055399999,KLGA,KJRB,KNYC,F1417,72503014732"
New York,2023-04-09,12.8,5.6,8.5,12.8,3.8,7.5,-2.2,47.7,0,0,0,,0,0,40.7,24,103,1032.5,6.4,16,279.4,24.1,9,10,2023-04-09T06:26:56,2023-04-09T19:29:04,0.62,Clear,Clear conditions throughout the day.,clear-day,"72505394728,72055399999,KLGA,KJRB,KNYC,F1417,72503014732"
New York,2023-04-10,17.9,5.7,11.3,17.9,3.3,10.5,0.3,49.7,0,0,0,,0,0,70.2,16.7,228,1030.2,0.5,15.9,277.4,23.8,9,10,2023-04-10T06:25:21,2023-04-10T19:30:07,0.66,Clear,Clear conditions throughout the day.,clear-day,"72505394728,72055399999,KLGA,KJRB,KNYC,F1417,72503014732"
New York,2023-04-11,21.8,9,15.9,21.8,8.4,15.8,-0.9,34.3,0,0,0,,0,0,46.4,27.3,262,1020.2,1.2,16,237.3,20.5,9,10,2023-04-11T06:23:47,2023-04-11T19:31:10,0.7,Clear,Clear conditions throughout the day.,clear-day,"D9152,72505394728,72055399999,KLGA,KJRB,KNYC,F1417,72503014732"
New York,2023-04-12,28.6,17.3,22.6,27.1,17.3,22.3,2.3,27,0,0,0,,0,0,53.6,18.7,274.4,1010.7,2.8,16,256.6,22.3,9,10,2023-04-12T06:22:13,2023-04-12T19:32:12,0.73,Clear,Clear conditions throughout the day.,clear-day,"72505394728,72055399999,KLGA,KJRB,KNYC,F1417,72503014732"
New York,2023-04-13,29,19.7,24.6,27.6,19.7,24.2,6,30.8,0,0,0,,0,0,57.2,18.5,262.4,1010.6,0.1,16,279.3,24.2,9,10,2023-04-13T06:20:39,2023-04-13T19:33:15,0.75,Clear,Clear conditions throughout the day.,clear-day,"72505394728,72055399999,KLGA,KJRB,KNYC,F1417,72503014732"
New York,2023-04-14,31.9,17.1,25.4,29.9,17.1,24.9,6.3,30.7,0,0,0,,0,0,25.9,24.1,201.6,1010.8,16.4,16,269.5,23.4,9,10,2023-04-14T06:19:07,2023-04-14T19:34:18,0.8,Clear,Clear conditions throughout the day.,clear-day,"72505394728,72055399999,KLGA,KJRB,KNYC,F1417,72503014732"
New York,2023-04-15,23.6,15.1,19.3,23.6,15.1,19.3,13.7,72.2,0.023,100,4.17,rain,0,0,22.3,17.3,89.2,1012,68.4,15.4,168.4,14.5,8,10,2023-04-15T06:17:34,2023-04-15T19:35:21,0.84,"Rain, Partially cloudy",Partly cloudy throughout the day with late afternoon rain.,rain,"72505394728,72055399999,KLGA,KJRB,F8726,KNYC,F1417,72503014732"
New York,2023-04-16,20.6,13.1,16.5,20.6,13.1,16.5,12.9,80.3,0,0,0,,0,0,60.8,16.5,45.5,1010.1,77.3,12.3,193.9,16.8,7,10,2023-04-16T06:16:03,2023-04-16T19:36:24,0.87,Partially cloudy,Partly cloudy throughout the day.,partly-cloudy-day,"72505394728,72055399999,KLGA,KJRB,F8726,KNYC,F1417,72503014732"
New York,2023-04-17,18.9,12,14.6,18.9,12,14.6,8.2,71.9,0.005,100,4.17,rain,0,0,44.6,28.9,296.9,1003.3,83.7,13,123,10.7,8,10,2023-04-17T06:14:32,2023-04-17T19:37:27,0.91,"Rain, Partially cloudy",Partly cloudy throughout the day with morning rain.,rain,"72505394728,72055399999,KLGA,KJRB,KNYC,F1417,72503014732"
New York,2023-04-18,14.2,8.5,11.4,14.2,5.6,11,-1.4,41.3,0,0,0,,0,0,51.5,29.5,270.7,1007.6,48.6,16,125.8,11,5,10,2023-04-18T06:13:02,2023-04-18T19:38:30,0.95,Partially cloudy,Partly cloudy throughout the day.,partly-cloudy-day,"72505394728,KLGA,F8726,KNYC,F1417,72503014732"
New York,2023-04-19,17.9,7.9,11.4,17.9,5.5,10.3,-1.5,42.2,0,0,0,,0,0,38.9,21.5,286.7,1016.7,50.3,16,241.5,21,9,10,2023-04-19T06:11:33,2023-04-19T19:39:33,0.98,Partially cloudy,Partly cloudy throughout the day.,partly-cloudy-day,"72505394728,KLGA,F8726,KNYC,F1417,72503014732"
New York,2023-04-20,17.4,8.7,12.3,17.4,6.5,11.8,2.4,51.9,0,0,0,,0,0,18.4,18,63.9,1022.3,18.3,15.9,247.6,21.3,9,10,2023-04-20T06:10:05,2023-04-20T19:40:36,0,Clear,Clear conditions throughout the day.,clear-day,"72505394728,72055399999,KLGA,KJRB,F8726,KNYC,F1417,72503014732"
New York,2023-04-21,20,10.7,14.8,20,10.7,14.8,7.4,62.6,0,0,0,,0,0,33.4,20.1,75.8,1018.6,34,15.8,270,23.5,9,10,2023-04-21T06:08:37,2023-04-21T19:41:39,0.05,Partially cloudy,Becoming cloudy in the afternoon.,partly-cloudy-day,"72505394728,72055399999,KLGA,KJRB,F8726,KNYC,F1417,72503014732"
New York,2023-04-22,19.8,11.1,14.6,19.8,11.1,14.6,11.1,80.3,0.605,100,12.5,rain,0,0,42.5,22.3,60.8,1014.1,71.3,15.2,220.5,19.1,8,10,2023-04-22T06:07:11,2023-04-22T19:42:41,0.08,"Rain, Partially cloudy",Partly cloudy throughout the day with late afternoon rain.,rain,"72505394728,72055399999,KLGA,KJRB,F8726,KNYC,F1417,72503014732"
New York,2023-04-23,19.4,12.1,14.9,19.4,12.1,14.9,8.9,71.7,35.494,100,50,rain,0,0,55.4,23.7,1.8,1011,85.5,11.9,179.4,15.5,10,10,2023-04-23T06:05:45,2023-04-23T19:43:44,0.11,"Rain, Partially cloudy",Partly cloudy throughout the day with rain clearing later.,rain,"72505394728,72055399999,KLGA,KJRB,KNYC,F1417,72503014732"
New York,2023-04-24,16.6,7.8,12.1,16.6,6.5,11.8,1.1,48.8,0,0,0,,0,0,27.7,14.5,291,1017.4,35,16,248.2,21.6,10,10,2023-04-24T06:04:20,2023-04-24T19:44:47,0.14,Partially cloudy,Becoming cloudy in the afternoon.,partly-cloudy-day,"72505394728,72055399999,KLGA,KJRB,KNYC,F1417,72503014732"
New York,2023-04-25,14.9,8.8,12,14.9,7.4,11.9,1.4,48.7,0,0,0,,0,0,63,12.9,282.9,1021.3,55.2,16,179.5,15.4,8,10,2023-04-25T06:02:57,2023-04-25T19:45:50,0.18,Partially cloudy,Becoming cloudy in the afternoon.,partly-cloudy-day,"72505394728,72055399999,KLGA,KJRB,KNYC,F1417,72503014732"
New York,2023-04-26,14.3,9.9,12,14.3,7.9,11.8,3.9,58.6,0,0,0,,0,0,53.6,14.6,103.1,1023.6,55.9,16,206.3,17.8,8,10,2023-04-26T06:01:34,2023-04-26T19:46:53,0.21,Partially cloudy,Partly cloudy throughout the day.,partly-cloudy-day,"72505394728,72055399999,KLGA,KJRB,KNYC,F1417,72503014732"
New York,2023-04-27,13.8,10.7,11.9,13.8,10.7,11.9,7.1,72.7,0,0,0,,0,0,64.8,12.9,128.7,1023.2,79,16,80.4,7.1,4,10,2023-04-27T06:00:12,2023-04-27T19:47:56,0.25,Partially cloudy,Partly cloudy throughout the day.,partly-cloudy-day,"72505394728,72055399999,KLGA,KJRB,F8726,KNYC,F1417,72503014732"
New York,2023-04-28,12.9,9.3,11,12.9,6,10.6,5.9,71.9,0.283,100,16.67,rain,0,0,38.9,26.9,57.1,1021.1,50.1,15.7,77.1,6.5,3,10,2023-04-28T05:58:51,2023-04-28T19:48:58,0.27,"Rain, Partially cloudy",Clearing in the afternoon with late afternoon rain.,rain,"72505394728,72055399999,KLGA,KJRB,F8726,KNYC,F1417,72503014732"
New York,2023-04-29,11.7,8.9,10.2,11.7,5.3,8.8,9.4,94.6,39.031,100,100,rain,0,0,51.8,27.4,57.3,1012.5,100,5.5,38,3.4,2,10,2023-04-29T05:57:32,2023-04-29T19:50:01,0.31,"Rain, Overcast",Cloudy skies throughout the day with a chance of rain throughout the day.,rain,"72505394728,72055399999,KLGA,KJRB,KNYC,F1417,72503014732"
New York,2023-04-30,15.9,10,12.4,15.9,7.4,12.2,11.6,95.4,60.941,100,50,rain,0,0,48.2,21.8,64.2,999.5,100,4.1,42.8,3.6,2,10,2023-04-30T05:56:13,2023-04-30T19:51:03,0.34,"Rain, Overcast",Cloudy skies throughout the day with rain.,rain,"72505394728,KLGA,F8726,KNYC,F1417,72503014732"
New York,2023-05-01,16.1,10,13.5,16.1,6.9,13.3,5.4,60.6,0.376,100,16.67,rain,0,0,57.2,27.8,256.5,992.3,72.4,14.9,204.7,17.8,7,10,2023-05-01T05:54:56,2023-05-01T19:52:06,0.37,"Rain, Partially cloudy",Partly cloudy throughout the day with early morning rain.,rain,"72505394728,72055399999,KLGA,KJRB,KNYC,F1417,72503014732"
New York,2023-05-02,13.8,8.8,11.2,13.8,6.2,10.8,4.4,63.8,0.312,100,16.67,rain,0,0,82.5,29.3,254.8,996.3,71.8,16,135.1,11.8,6,10,2023-05-02T05:53:40,2023-05-02T19:53:08,0.4,"Rain, Partially cloudy",Partly cloudy throughout the day with rain in the morning and afternoon.,rain,"72505394728,72055399999,KLGA,KJRB,KNYC,F1417,72503014732"
New York,2023-05-03,14.3,8.8,11,14.3,6.5,10.4,3.5,60.8,0,0,0,,0,0,27.8,16.3,255.2,999.7,72.4,15.9,131.2,11.4,4,10,2023-05-03T05:52:25,2023-05-03T19:54:10,0.43,Partially cloudy,Partly cloudy throughout the day.,partly-cloudy-day,"72505394728,72055399999,KLGA,KJRB,KNYC,F1417,72503014732"
New York,2023-05-04,12.8,9.3,10.7,12.8,7.7,10.3,6.6,75.9,0.061,100,16.67,rain,0,0,72,26.6,33.1,1010.9,95.6,16,89.3,7.9,5,10,2023-05-04T05:51:11,2023-05-04T19:55:12,0.47,"Rain, Overcast",Cloudy skies throughout the day with rain in the morning and afternoon.,rain,"72505394728,72055399999,KLGA,KJRB,F8726,KNYC,F1417,72503014732"
New York,2023-05-05,17.2,10.5,13,17.2,10.5,13,7.1,69,0.008,100,4.17,rain,0,0,64.8,21.4,80,1022,56.6,15.9,201.6,17.2,9,10,2023-05-05T05:49:59,2023-05-05T19:56:13,0.5,"Rain, Partially cloudy",Partly cloudy throughout the day with early morning rain.,rain,"72505394728,72055399999,KLGA,KJRB,KNYC,F1417,72503014732"
New York,2023-05-06,22.8,10.6,15.8,22.8,10.6,15.8,6.6,58.2,0,0,0,,0,0,50,17.8,260,1023.1,24.6,15.9,299.3,25.9,10,10,2023-05-06T05:48:48,2023-05-06T19:57:15,0.53,Partially cloudy,Becoming cloudy in the afternoon.,partly-cloudy-day,"72505394728,72055399999,KLGA,KJRB,KNYC,F1417,72503014732"
New York,2023-05-07,25,12.9,18.7,25,12.9,18.7,6.8,47.3,0.028,100,8.33,rain,0,0,94.3,16.6,236.6,1015.6,16.7,16,278.9,23.9,9,10,2023-05-07T05:47:38,2023-05-07T19:58:16,0.57,Rain,Clear conditions throughout the day with late afternoon rain.,rain,"72505394728,72055399999,KLGA,KJRB,KNYC,F1417,72503014732"
New York,2023-05-08,26,15,20.2,26,15,20.2,8.2,49.9,0,0,0,,0,0,44.6,16.2,300.8,1008.6,26,16,295.3,25.6,9,10,2023-05-08T05:46:30,2023-05-08T19:59:17,0.61,Partially cloudy,Clearing in the afternoon.,partly-cloudy-day,"72505394728,72055399999,KLGA,KJRB,KNYC,F1417,72503014732"
New York,2023-05-09,19.4,13.3,16.5,19.4,13.3,16.5,2.2,39.2,0,0,0,,0,0,65.3,21.4,72,1014.6,5.8,16,232.6,20,10,10,2023-05-09T05:45:23,2023-05-09T20:00:18,0.64,Clear,Clear conditions throughout the day.,clear-day,"72505394728,72055399999,KLGA,KJRB,KNYC,F1417,72503014732"
New York,2023-05-10,22.2,11.7,16.2,22.2,11.7,16.2,5.9,52.5,0,0,0,,0,0,86.8,16.1,230.7,1020.6,0.6,16,302.5,26.1,9,10,2023-05-10T05:44:17,2023-05-10T20:01:18,0.68,Clear,Clear conditions throughout the day.,clear-day,"72505394728,72055399999,KLGA,KJRB,KNYC,F1417,72503014732"
New York,2023-05-11,26.2,13.4,20,26.2,13.4,20,5.6,40.5,0,0,0,,0,0,78.4,16.5,250.3,1019.2,1,16,290,25,9,10,2023-05-11T05:43:13,2023-05-11T20:02:18,0.71,Clear,Clear conditions throughout the day.,clear-day,"72505394728,72055399999,KLGA,KJRB,F8726,KNYC,F1417,72503014732"
New York,2023-05-12,28.9,15.8,23.1,27.7,15.8,22.7,9,43,0,0,0,,0,0,85.8,20.1,253.5,1017.6,11.7,16,284.4,24.6,10,10,2023-05-12T05:42:11,2023-05-12T20:03:18,0.75,Clear,Clear conditions throughout the day.,clear-day,"72505394728,72055399999,KLGA,KJRB,F8726,KNYC,F1417,72503014732"
New York,2023-05-13,26.2,20.1,23,26.2,20.1,23,9.8,44.5,0,0,0,,0,0,70.2,11.3,254.5,1016,4,16,174.6,14.8,7,10,2023-05-13T05:41:10,2023-05-13T20:04:17,0.78,Clear,Clear conditions throughout the day.,clear-day,"72505394728,72055399999,KLGA,KJRB,KNYC,F1417,72503014732"
New York,2023-05-14,24.2,16.1,19.7,24.2,16.1,19.7,2.4,32.4,0,0,0,,0,0,64.8,22.8,46.8,1021.4,1.2,16,317.9,27.5,10,10,2023-05-14T05:40:10,2023-05-14T20:05:15,0.82,Clear,Clear conditions throughout the day.,clear-day,"72505394728,72055399999,KLGA,KJRB,KNYC,F1417,72503014732"
New York,2023-05-15,22.9,13.3,18.1,22.9,13.3,18.1,2.2,35.6,0,0,0,,0,0,77.8,23.4,267.8,1021.9,0.8,16,300.1,26,9,10,2023-05-15T05:39:13,2023-05-15T20:06:14,0.86,Clear,Clear conditions throughout the day.,clear-day,"72505394728,72055399999,KLGA,KJRB,F8726,KNYC,F1417,72503014732"
New York,2023-05-16,25.6,13.9,20.2,25.6,13.9,20.2,6.1,42.5,0,0,0,,0,0,78.1,27.2,260.1,1007.4,1.1,16,282,24.4,10,10,2023-05-16T05:38:16,2023-05-16T20:07:12,0.89,Clear,Clear conditions throughout the day.,clear-day,"72505394728,72055399999,KLGA,KJRB,F8726,KNYC,F1417,72503014732"
New York,2023-05-17,20.7,12.8,16.8,20.7,12.8,16.8,2,39.5,0,0,0,,0,0,68,20.3,0.8,1008,10.3,16,314.5,27.1,10,10,2023-05-17T05:37:22,2023-05-17T20:08:09,0.93,Clear,Clear conditions throughout the day.,clear-day,"72505394728,72055399999,KLGA,KJRB,F8726,KNYC,F1417,72503014732"
New York,2023-05-18,15.6,9.2,12.5,15.6,6.5,12,1,46.9,0,0,0,,0,0,56.9,23.6,94.3,1025.8,0.4,16,312.7,27.1,10,10,2023-05-18T05:36:29,2023-05-18T20:09:05,0.96,Clear,Clear conditions throughout the day.,clear-day,"72505394728,72055399999,KLGA,KJRB,F8726,KNYC,F1417,72503014732"
New York,2023-05-19,19.4,12.2,15.5,19.4,12.2,15.5,8.5,63.8,0,0,0,,0,0,57.6,25.9,175.9,1027.1,9.3,15.8,287.3,24.8,9,10,2023-05-19T05:35:38,2023-05-19T20:10:01,0,Clear,Clear conditions throughout the day.,clear-day,"72505394728,72055399999,KLGA,KJRB,F8726,KNYC,F1417,72503014732"
New York,2023-05-20,18.4,14.2,16.2,18.4,14.2,16.2,14.7,91,22.474,100,45.83,rain,0,0,25.9,13.1,82.1,1017.4,90.9,7.2,63.2,5.3,2,10,2023-05-20T05:34:48,2023-05-20T20:10:57,0.03,"Rain, Overcast",Cloudy skies throughout the day with a chance of rain throughout the day.,rain,"72505394728,72055399999,KLGA,KJRB,F8726,KNYC,F1417,72503014732"
New York,2023-05-21,21.6,13.4,18.2,21.6,13.4,18.2,10.1,60.9,0.44,100,8.33,rain,0,0,74,18.6,297.6,1014.1,51.9,15.3,204.1,17.6,8,10,2023-05-21T05:34:00,2023-05-21T20:11:52,0.06,"Rain, Partially cloudy",Partly cloudy throughout the day with early morning rain.,rain,"72505394728,72055399999,KLGA,KJRB,KNYC,F1417,72503014732"
New York,2023-05-22,23.3,15,18.3,23.3,15,18.3,10.2,59.8,0,0,0,,0,0,57.4,18.1,81.6,1021.5,0.9,15.9,263.8,22.8,9,10,2023-05-22T05:33:14,2023-05-22T20:12:46,0.1,Clear,Clear conditions throughout the day.,clear-day,"72505394728,72055399999,KLGA,KJRB,F8726,KNYC,F1417,72503014732"
New York,2023-05-23,19.8,13.8,15.9,19.8,13.8,15.9,8.5,63.1,0,0,0,,0,0,73.9,19.7,96.9,1026.7,28.1,16,277.2,24,9,10,2023-05-23T05:32:30,2023-05-23T20:13:39,0.13,Partially cloudy,Clearing in the afternoon.,partly-cloudy-day,"72505394728,72055399999,KLGA,KJRB,F8726,KNYC,F1417,72503014732"
New York,2023-05-24,24.4,13.3,17.3,24.4,13.3,17.3,6.5,50.3,0.079,100,8.33,rain,0,0,81.4,21.9,59.7,1018.4,21.2,16,264.1,22.8,8,10,2023-05-24T05:31:48,2023-05-24T20:14:31,0.16,"Rain, Partially cloudy",Partly cloudy throughout the day with late afternoon rain.,rain,"72505394728,72055399999,KLGA,KJRB,F8726,KNYC,F1417,72503014732"
New York,2023-05-25,21,11.1,16,21,11.1,16,4.4,47.9,0,0,0,,0,0,71,18.6,50.6,1020.2,13.2,16,326.6,28,10,10,2023-05-25T05:31:07,2023-05-25T20:15:23,0.19,Clear,Clear conditions throughout the day.,clear-day,"72505394728,72055399999,KLGA,KJRB,F8726,KNYC,F1417,72503014732"
New York,2023-05-26,23.7,13.7,18.2,23.7,13.7,18.2,4.3,41.4,0,0,0,,0,0,77.8,21.9,48.1,1024.6,3.7,16,324.2,27.9,10,10,2023-05-26T05:30:28,2023-05-26T20:16:13,0.23,Clear,Clear conditions throughout the day.,clear-day,"72505394728,72055399999,KLGA,KJRB,F8726,KNYC,F1417,72503014732"
New York,2023-05-27,25,15.5,19.4,25,15.5,19.4,5.6,41.6,0,0,0,,0,0,59,16.1,170.9,1025.9,1,16,312.8,27,9,10,2023-05-27T05:29:52,2023-05-27T20:17:03,0.25,Clear,Clear conditions throughout the day.,clear-day,"72505394728,72055399999,KLGA,KJRB,F8726,KNYC,F1417,72503014732"
New York,2023-05-28,24.4,15.1,19.5,24.4,15.1,19.5,6.7,44.4,0,0,0,,0,0,63,13.1,226.9,1020.7,1,16,312.1,27,10,10,2023-05-28T05:29:17,2023-05-28T20:17:52,0.29,Clear,Clear conditions throughout the day.,clear-day,"72505394728,72055399999,KLGA,KJRB,F8726,KNYC,F1417,72503014732"
New York,2023-05-29,25,16.2,19.9,25,16.2,19.9,9.8,53.6,0,0,0,,0,0,38.2,27,80.2,1017.2,0.8,16,305.1,26.6,9,10,2023-05-29T05:28:44,2023-05-29T20:18:39,0.32,Clear,Clear conditions throughout the day.,clear-day,"72505394728,72055399999,KLGA,KJRB,F8726,KNYC,F1417,72503014732"
New York,2023-05-30,20.7,13.4,16.8,20.7,13.4,16.8,8.5,59,0.938,100,4.17,rain,0,0,60.8,23.4,62.3,1022.9,1.5,15.6,307.6,26.7,9,10,2023-05-30T05:28:12,2023-05-30T20:19:26,0.36,Rain,Clear conditions throughout the day with morning rain.,rain,"72505394728,72055399999,KLGA,KJRB,KNYC,F1417,72503014732"
New York,2023-05-31,22.9,12.8,17.6,22.9,12.8,17.6,10.7,66.3,0,0,0,,0,0,70.2,16.3,92.1,1022.6,1,15.4,316.9,27.5,10,10,2023-05-31T05:27:43,2023-05-31T20:20:12,0.39,Clear,Clear conditions throughout the day.,clear-day,"72505394728,72055399999,KLGA,KJRB,KNYC,F1417,72503014732"
New York,2023-06-01,27.9,16.1,20.9,27.8,16.1,20.9,13.4,64.4,0.23,100,4.17,rain,0,0,77.8,12.9,245.3,1019,0.3,15.6,308.4,26.6,9,10,2023-06-01T05:27:16,2023-06-01T20:20:56,0.42,Rain,Clear conditions throughout the day with morning rain.,rain,"72505394728,72055399999,KLGA,KJRB,F8726,KNYC,F1417,72503014732"
New York,2023-06-02,30.1,17.3,22.9,29.8,17.3,22.8,14.1,60,0.298,100,8.33,rain,0,0,72,16.3,167.9,1013.1,8.1,15.3,287.3,24.9,10,10,2023-06-02T05:26:51,2023-06-02T20:21:39,0.45,Rain,Clear conditions throughout the day with late afternoon rain.,rain,"72505394728,72055399999,KLGA,KJRB,F8726,KNYC,F1417,72503014732"
New York,2023-06-03,21.1,14.3,18.8,21.1,14.3,18.8,12.9,68.7,0,0,0,,0,0,40.7,27,52.9,1015.2,82,15.8,91.1,7.9,3,10,2023-06-03T05:26:27,2023-06-03T20:22:21,0.5,Partially cloudy,Partly cloudy throughout the day.,partly-cloudy-day,"72505394728,72055399999,KLGA,KJRB,KNYC,F1417,72503014732"
New York,2023-06-04,21.1,11.6,16,21.1,11.6,16,7.5,58.2,0.23,100,4.17,rain,0,0,38.9,26.9,48.5,1016.8,79,15.9,186.8,16.2,7,10,2023-06-04T05:26:06,2023-06-04T20:23:02,0.52,"Rain, Partially cloudy",Partly cloudy throughout the day with morning rain.,rain,"72505394728,72055399999,KLGA,KJRB,F8726,KNYC,F1417,72503014732"
New York,2023-06-05,24.3,14.3,19.2,24.3,14.3,19.2,8.2,50.3,0.23,100,4.17,rain,0,0,63,20.1,355.8,1011.9,37.6,15.8,238.7,20.6,8,10,2023-06-05T05:25:46,2023-06-05T20:23:41,0.55,"Rain, Partially cloudy",Becoming cloudy in the afternoon with morning rain.,rain,"72505394728,72055399999,KLGA,KJRB,F8726,KNYC,F1417,72503014732"
New York,2023-06-06,27.1,17.1,20.7,26.4,17.1,20.7,7.5,43.1,0.019,100,12.5,rain,0,0,76,12.7,278.2,1005.1,10.8,11.5,237,20.5,9,10,2023-06-06T05:25:29,2023-06-06T20:24:19,0.59,Rain,Clear conditions throughout the day with rain in the morning and afternoon.,rain,"72505394728,72055399999,KLGA,KJRB,F8726,KNYC,F1417,72503014732"
New York,2023-06-07,22.1,15,18.4,22.1,15,18.4,6.4,46.2,0,0,0,,0,0,40.7,13.1,293.8,1003.9,15.9,6.8,164.2,14.2,6,10,2023-06-07T05:25:14,2023-06-07T20:24:56,0.63,Clear,Clear conditions throughout the day.,clear-day,"72505394728,72055399999,KLGA,KJRB,KNYC,F1417,72503014732"
New York,2023-06-08,22.1,14.3,18.3,22.1,14.3,18.3,7.9,51.5,0,0,0,,0,0,68.4,14.6,284.5,1006.1,41.8,10.7,207,17.8,8,10,2023-06-08T05:25:00,2023-06-08T20:25:31,0.66,Partially cloudy,Becoming cloudy in the afternoon.,partly-cloudy-day,"72505394728,72055399999,KLGA,KJRB,F8726,KNYC,F1417,72503014732"
New York,2023-06-09,22.1,15,18.4,22.1,15,18.4,9.6,57.4,0,0,0,,0,0,63,16.5,287.2,1007.2,65.8,15.8,225.8,19.4,9,10,2023-06-09T05:24:49,2023-06-09T20:26:05,0.7,Partially cloudy,Partly cloudy throughout the day.,partly-cloudy-day,"72505394728,72055399999,KLGA,KJRB,F8726,KNYC,F1417,72503014732"
New York,2023-06-10,26.1,15,20.2,26.1,15,20.2,10.6,55.4,0.23,100,4.17,rain,0,0,68.4,11.2,300.3,1008.7,36.5,15.7,282,24.4,10,10,2023-06-10T05:24:39,2023-06-10T20:26:37,0.75,"Rain, Partially cloudy",Becoming cloudy in the afternoon with morning rain.,rain,"72505394728,72055399999,KLGA,KJRB,KNYC,F1417,72503014732"
New York,2023-06-11,26.7,18.8,22.1,26.8,18.8,22.1,14.4,62.7,1.19,100,16.67,rain,0,0,60.8,12.4,109,1011.2,27.3,15.6,230.4,19.9,7,10,2023-06-11T05:24:32,2023-06-11T20:27:08,0.77,"Rain, Partially cloudy",Becoming cloudy in the afternoon with rain.,rain,"72505394728,72055399999,KLGA,KJRB,KNYC,F1417,72503014732"
New York,2023-06-12,23.9,19,21.3,23.9,19,21.3,17.1,77.3,2.75,100,29.17,rain,0,0,57.2,23.7,120.3,1007.4,57.9,14.1,158.9,13.7,6,10,2023-06-12T05:24:26,2023-06-12T20:27:37,0.8,"Rain, Partially cloudy",Becoming cloudy in the afternoon with rain.,rain,"72505394728,72055399999,KLGA,KJRB,F8726,KNYC,F1417,72503014732"
New York,2023-06-13,25.7,18.3,21.8,25.7,18.3,21.8,13,60.6,0.938,100,4.17,rain,0,0,94.3,17.9,266.6,1004.8,58.8,15.2,287.9,24.9,9,10,2023-06-13T05:24:23,2023-06-13T20:28:04,0.84,"Rain, Partially cloudy",Partly cloudy throughout the day with late afternoon rain.,rain,"72505394728,72055399999,KLGA,KJRB,KNYC,F1417,72503014732"
New York,2023-06-14,24.9,18.4,20.3,24.9,18.4,20.3,13.5,65.7,1.024,100,16.67,rain,0,0,53.1,30.5,245.6,1001.7,27.4,15.4,181.2,15.4,8,30,2023-06-14T05:24:21,2023-06-14T20:28:30,0.87,"Rain, Partially cloudy",Partly cloudy throughout the day with rain.,rain,"72505394728,72055399999,KLGA,KJRB,KNYC,F1417,72503014732"
New York,2023-06-15,26.1,16.7,21.3,26.1,16.7,21.3,12.4,57.9,3.044,100,8.33,rain,0,0,77.8,22.8,271.6,1003.5,40.8,16,233,20.1,7,10,2023-06-15T05:24:21,2023-06-15T20:28:54,0.91,"Rain, Partially cloudy",Partly cloudy throughout the day with rain.,rain,"72505394728,72055399999,KLGA,KJRB,KNYC,F1417,72503014732"
New York,2023-06-16,26.7,18.3,20.5,26.7,18.3,20.5,13.5,65.6,9.102,100,20.83,rain,0,0,83.2,17.8,358.2,1006.4,33.9,15.4,180.9,15.7,8,10,2023-06-16T05:24:24,2023-06-16T20:29:16,0.95,"Rain, Partially cloudy",Becoming cloudy in the afternoon with rain in the morning and afternoon.,rain,"72505394728,72055399999,KLGA,KJRB,KNYC,F1417,72503014732"
New York,2023-06-17,26,17.2,20.9,26,17.2,20.9,12.3,60.2,0,0,0,,0,0,72,13.3,316.4,1005.2,54,15.7,241.6,21,8,10,2023-06-17T05:24:28,2023-06-17T20:29:37,0.98,Partially cloudy,Partly cloudy throughout the day.,partly-cloudy-day,"72505394728,72055399999,KLGA,KJRB,KNYC,F1417,72503014732"
New York,2023-06-18,27.1,17.8,22.4,27,17.8,22.4,11.8,51.5,0.699,100,8.33,rain,0,0,84.6,16.6,275.5,1010.5,33.2,15.9,284.5,24.7,9,10,2023-06-18T05:24:34,2023-06-18T20:29:56,0,"Rain, Partially cloudy",Partly cloudy throughout the day with afternoon rain.,rain,"72505394728,72055399999,KLGA,KJRB,KNYC,F1417,72503014732"
New York,2023-06-19,25.7,19.3,21.8,25.7,19.3,21.8,14.7,64.5,0,0,0,,0,0,29.5,21.5,82.1,1017.3,16.6,15.9,286.8,24.8,9,10,2023-06-19T05:24:42,2023-06-19T20:30:13,0.05,Clear,Clear conditions throughout the day.,clear-day,"72505394728,72055399999,KLGA,KJRB,KNYC,F1417,72503014732"
New York,2023-06-20,25,17.8,20.7,25,17.8,20.7,14.1,67.1,0,0,0,,0,0,27.7,18,55.5,1022.4,49.8,16,245.8,21,9,10,2023-06-20T05:24:52,2023-06-20T20:30:28,0.08,Partially cloudy,Partly cloudy throughout the day.,partly-cloudy-day,"72505394728,72055399999,KLGA,KJRB,KNYC,F1417,72503014732"
New York,2023-06-21,22.2,16.7,19.2,22.2,16.7,19.2,12.8,67,0,0,0,,0,0,39.6,27.6,49.4,1024.4,54.6,16,203.3,17.5,6,10,2023-06-21T05:25:03,2023-06-21T20:30:41,0.11,Partially cloudy,Partly cloudy throughout the day.,partly-cloudy-day,"72505394728,72055399999,KLGA,KJRB,KNYC,F1417,72503014732"
New York,2023-06-22,21.7,15.7,18.6,21.7,15.7,18.6,13.3,71.9,0.005,100,4.17,rain,0,0,46,31.2,43.9,1021.2,98.8,15.4,97.1,8.4,3,10,2023-06-22T05:25:17,2023-06-22T20:30:52,0.15,"Rain, Overcast",Cloudy skies throughout the day with morning rain.,rain,"72505394728,72055399999,KLGA,KJRB,KNYC,F1417,72503014732"
New York,2023-06-23,21.2,18.4,19.6,21.2,18.4,19.6,17.5,87.9,0.295,100,12.5,rain,0,0,16.6,14.7,80.7,1017.1,97,15.2,62.5,5.3,2,10,2023-06-23T05:25:32,2023-06-23T20:31:02,0.18,"Rain, Overcast",Cloudy skies throughout the day with rain in the morning and afternoon.,rain,"72505394728,72055399999,KLGA,KJRB,KNYC,F1417,72503014732"
New York,2023-06-24,26.1,20,22.5,26.1,20,22.5,19.9,86.1,1.24,100,16.67,rain,0,0,25.9,16.7,157.9,1011.2,72.7,12.4,159.6,13.9,6,30,2023-06-24T05:25:49,2023-06-24T20:31:09,0.21,"Rain, Partially cloudy",Partly cloudy throughout the day with rain clearing later.,rain,"72505394728,72055399999,KLGA,KJRB,KNYC,F1417,72503014732"
New York,2023-06-25,29.1,21,23.9,30.6,21,24.2,19.7,78.3,0.477,100,8.33,rain,0,0,50,18.3,170.4,1009.8,20,15.8,220.6,19,10,30,2023-06-25T05:26:08,2023-06-25T20:31:15,0.24,Rain,Partly cloudy throughout the day with afternoon rain.,rain,"72505394728,72055399999,KLGA,KJRB,KNYC,F1417,72503014732"
New York,2023-06-26,26.1,21,22.7,26.1,21,22.7,19.8,84.4,0.516,100,16.67,rain,0,0,88.9,20.1,58.3,1007.9,52.3,14.6,126.2,10.8,5,10,2023-06-26T05:26:29,2023-06-26T20:31:19,0.25,"Rain, Partially cloudy",Partly cloudy throughout the day with rain in the morning and afternoon.,rain,"72505394728,72055399999,KLGA,KJRB,KNYC,F1417,72503014732"
New York,2023-06-27,27.1,19.4,22.1,28.4,19.4,22.2,19.1,83.8,0.398,100,25,rain,0,0,60.3,14.5,191.9,1006,54.6,14.7,160.4,13.7,7,10,2023-06-27T05:26:51,2023-06-27T20:31:20,0.31,"Rain, Partially cloudy",Partly cloudy throughout the day with rain.,rain,"72505394728,72055399999,KLGA,KJRB,F8726,KNYC,F1417,72503014732"
New York,2023-06-28,27.8,20,23.4,28.8,20,23.6,17.6,71.1,0,0,0,,0,0,71.4,14.5,250.5,1009.5,52.6,15.1,215.7,18.7,8,30,2023-06-28T05:27:15,2023-06-28T20:31:20,0.34,Partially cloudy,Partly cloudy throughout the day.,partly-cloudy-day,"72505394728,72055399999,KLGA,KJRB,KNYC,F1417,72503014732"
New York,2023-06-29,28.3,19.3,23.5,28.1,19.3,23.6,15.5,61.8,0.46,100,8.33,rain,0,0,88.9,12.2,249.2,1015.9,37.5,13.6,274,23.9,10,10,2023-06-29T05:27:40,2023-06-29T20:31:18,0.38,"Rain, Partially cloudy",Partly cloudy throughout the day with rain in the morning and afternoon.,rain,"72505394728,72055399999,KLGA,KJRB,KNYC,F1417,72503014732"
New York,2023-06-30,28.8,20.7,24.4,29,20.7,24.4,16.8,64.8,0.69,100,12.5,rain,0,0,74.2,18.3,213.9,1017.7,8.1,8.6,264.3,22.9,8,10,2023-06-30T05:28:07,2023-06-30T20:31:13,0.41,Rain,Clear conditions throughout the day with afternoon rain.,rain,"72505394728,72055399999,KLGA,KJRB,KNYC,F1417,72503014732"
New York,2023-07-01,27.2,20.7,23.6,27.6,20.7,23.7,16.3,64.2,0.23,100,4.17,rain,0,0,88.1,21.8,192.7,1017.3,22.1,14.3,256.9,22.3,8,10,2023-07-01T05:28:36,2023-07-01T20:31:07,0.44,"Rain, Partially cloudy",Partly cloudy throughout the day with morning rain.,rain,"72505394728,72055399999,KLGA,KJRB,KNYC,F1417,72503014732"
New York,2023-07-02,31,21.7,24.9,33.9,21.7,25.6,20.7,78.1,0.596,100,25,rain,0,0,50,14.2,173.2,1011.6,71.6,14.8,169,14.5,8,30,2023-07-02T05:29:06,2023-07-02T20:30:58,0.47,"Rain, Partially cloudy",Partly cloudy throughout the day with rain.,rain,"72505394728,72055399999,KLGA,KJRB,F8726,KNYC,F1417,72503014732"
New York,2023-07-03,31.1,23.3,26.9,34.2,23.3,28.1,20.9,71.3,0.759,100,20.83,rain,0,0,47.9,14.7,263.6,1010.1,36.6,15.7,229.8,19.8,9,30,2023-07-03T05:29:38,2023-07-03T20:30:48,0.5,"Rain, Partially cloudy",Clearing in the afternoon with rain.,rain,"72505394728,72055399999,KLGA,KJRB,KNYC,F1417,72503014732"
New York,2023-07-04,27.8,22.9,24.3,30.2,22.9,24.4,21.4,84.5,0.481,100,12.5,rain,0,0,55.4,10.7,253.5,1012.4,51.4,14.8,147.4,12.5,8,60,2023-07-04T05:30:11,2023-07-04T20:30:36,0.54,"Rain, Partially cloudy",Partly cloudy throughout the day with rain.,rain,"72505394728,72055399999,KLGA,KJRB,KNYC,F1417,72503014732"
New York,2023-07-05,33.3,22.8,27.3,34.8,22.8,28.2,20.5,69.7,0,0,0,,0,0,81.4,12.3,286.4,1014.9,0.5,12.5,306.7,26.6,9,30,2023-07-05T05:30:45,2023-07-05T20:30:21,0.58,Clear,Clear conditions throughout the day.,clear-day,"72505394728,72055399999,KLGA,KJRB,F1417,KNYC,72503014732"
New York,2023-07-06,31.2,23.9,27.1,34,23.9,27.9,20.9,70.8,0.46,100,8.33,rain,0,0,64.8,17.5,168.4,1013.9,4.7,16,304.7,26.4,9,30,2023-07-06T05:31:21,2023-07-06T20:30:05,0.61,Rain,Clear conditions throughout the day with rain in the morning and afternoon.,rain,"72505394728,72055399999,KLGA,KJRB,F1417,KNYC,72503014732"
New York,2023-07-07,30,23.4,25.8,32.7,23.4,26.7,21.7,78.9,0,0,0,,0,0,31.7,14,196.1,1011.5,47.1,16,270,23.3,9,30,2023-07-07T05:31:58,2023-07-07T20:29:46,0.65,Partially cloudy,Partly cloudy throughout the day.,partly-cloudy-day,"72505394728,72055399999,KLGA,KJRB,F1417,KNYC,72503014732"
New York,2023-07-08,30.7,23.9,25.7,33.4,23.9,26.4,22.1,81.1,0,0,0,,0,0,63,17.8,172,1010.9,65.2,15.4,205.6,17.9,9,60,2023-07-08T05:32:37,2023-07-08T20:29:25,0.68,Partially cloudy,Partly cloudy throughout the day.,partly-cloudy-day,"72505394728,72055399999,KLGA,KJRB,F1417,KNYC,72503014732"
New York,2023-07-09,27.2,23.9,25.2,29.2,23.9,25.6,22.1,83.3,1.427,100,29.17,rain,0,0,55.4,18.4,139.2,1009.9,84.8,15.2,134.2,11.7,5,30,2023-07-09T05:33:16,2023-07-09T20:29:03,0.75,"Rain, Partially cloudy",Partly cloudy throughout the day with rain.,rain,"72505394728,72055399999,KLGA,KJRB,F1417,KNYC,72503014732"
New York,2023-07-10,31,22.2,25.8,32,22.2,26.2,19.5,71.1,0.013,100,4.17,rain,0,0,72.5,15,310.9,1008.1,53.9,16,212.4,18.3,9,10,2023-07-10T05:33:57,2023-07-10T20:28:38,0.75,"Rain, Partially cloudy",Partly cloudy throughout the day with early morning rain.,rain,"72505394728,72055399999,KLGA,KJRB,F1417,KNYC,72503014732"
New York,2023-07-11,31.1,21.7,26.7,31.8,21.7,26.9,15.8,51.9,0.23,100,4.17,rain,0,0,69.3,13,248.5,1012,2.7,16,277.3,23.9,10,10,2023-07-11T05:34:39,2023-07-11T20:28:12,0.79,Rain,Clear conditions throughout the day with late afternoon rain.,rain,"72505394728,72055399999,KLGA,KJRB,F1417,KNYC,72503014732"
New York,2023-07-12,32.8,23.5,28.1,33.2,23.5,28.4,17.5,53.8,0.23,100,4.17,rain,0,0,85.1,14.5,248.9,1013.2,3.5,15.9,288.6,25,10,10,2023-07-12T05:35:22,2023-07-12T20:27:43,0.82,Rain,Clear conditions throughout the day with late afternoon rain.,rain,"72505394728,72055399999,KLGA,KJRB,F1417,KNYC,72503014732"
New York,2023-07-13,31.1,24.4,28.1,35.3,24.4,30,20.8,64.9,0,0,0,,0,0,83.2,28.6,184.3,1011.3,8.6,15.8,254.7,22.1,10,60,2023-07-13T05:36:06,2023-07-13T20:27:13,0.86,Clear,Clear conditions throughout the day.,clear-day,"72505394728,72055399999,KLGA,KJRB,F1417,KNYC,72503014732"
New York,2023-07-14,29.3,23.3,25.9,32.5,23.3,27,21.1,74.6,0.547,100,20.83,rain,0,0,55.4,23.5,49.5,1012,68.6,14.7,200.7,17.3,9,60,2023-07-14T05:36:51,2023-07-14T20:26:40,0.89,"Rain, Partially cloudy",Partly cloudy throughout the day with rain clearing later.,rain,"72505394728,72055399999,KLGA,KJRB,F1417,KNYC,72503014732"
New York,2023-07-15,31.6,22.2,26,36.1,22.2,27.3,22.5,82.3,0.34,100,12.5,rain,0,0,73.8,16.6,187.2,1013.7,41.1,15.4,245.9,21.3,10,60,2023-07-15T05:37:38,2023-07-15T20:26:06,0.93,"Rain, Partially cloudy",Clearing in the afternoon with rain.,rain,"72505394728,72055399999,KLGA,KJRB,F1417,KNYC,72503014732"
New York,2023-07-16,26,24,24.9,26,24,24.9,24,94.6,12.326,100,37.5,rain,0,0,40.7,16.1,221.2,1010.2,87.1,14,66,5.9,4,60,2023-07-16T05:38:25,2023-07-16T20:25:29,0.96,"Rain, Partially cloudy",Partly cloudy throughout the day with rain in the morning and afternoon.,rain,"72505394728,72055399999,KLGA,KJRB,F1417,KNYC,72503014732"
New York,2023-07-17,31.6,23.5,27.2,34.5,23.5,28.3,21.7,74,0,0,0,,0,0,33.5,16.7,220.3,1012.8,25,15.5,261.2,22.7,9,30,2023-07-17T05:39:13,2023-07-17T20:24:51,0,Partially cloudy,Clearing in the afternoon.,partly-cloudy-day,"72505394728,72055399999,KLGA,KJRB,F1417,KNYC,72503014732"
New York,2023-07-18,28.8,22.9,25.6,32.4,22.9,26.1,21.3,77.6,0.498,100,12.5,rain,0,0,64.8,27.6,222.2,1014.3,18.5,15.1,133.7,11.5,6,60,2023-07-18T05:40:01,2023-07-18T20:24:11,0.03,Rain,Clear conditions throughout the day with afternoon rain.,rain,"72505394728,72055399999,KLGA,KJRB,F1417,KNYC,72503014732"
New York,2023-07-19,27.8,23.3,24.7,29.7,23.3,24.9,19.6,73.9,0.098,100,8.33,rain,0,0,77.8,25.1,242.4,1016.3,44.3,13.8,123.7,10.6,6,60,2023-07-19T05:40:51,2023-07-19T20:23:29,0.06,"Rain, Partially cloudy",Partly cloudy throughout the day with afternoon rain.,rain,"72505394728,72055399999,KLGA,KJRB,F1417,KNYC,72503014732"
New York,2023-07-20,29.9,22.8,26.1,30.6,22.8,26.2,18.6,66.1,0.46,100,8.33,rain,0,0,76,14.5,172.6,1015,22.9,13.5,237.7,20.6,9,30,2023-07-20T05:41:41,2023-07-20T20:22:45,0.1,"Rain, Partially cloudy",Partly cloudy throughout the day with afternoon rain.,rain,"72505394728,72055399999,KLGA,KJRB,F1417,KNYC,72503014732"
New York,2023-07-21,31,22.8,26,32.6,22.8,26.6,19.5,68.7,0.91,100,16.67,rain,0,0,80.5,18.5,238.3,1008.3,48,15.7,255.2,22.2,10,30,2023-07-21T05:42:33,2023-07-21T20:21:59,0.13,"Rain, Partially cloudy",Partly cloudy throughout the day with rain.,rain,"72505394728,72055399999,KLGA,KJRB,F1417,KNYC,72503014732"
New York,2023-07-22,29.9,21.7,25.6,29.1,21.7,25.5,15,53.2,0.929,100,8.33,rain,0,0,90.7,14.7,303.9,1009.1,6.8,15.9,280.7,24.3,10,10,2023-07-22T05:43:24,2023-07-22T20:21:12,0.16,Rain,Clear conditions throughout the day with rain.,rain,"72505394728,72055399999,KLGA,KJRB,F1417,KNYC,72503014732"
New York,2023-07-23,32.6,22.8,26.6,32.2,22.8,26.6,16.3,54.4,0,0,0,,0,0,66.6,14.2,212,1014.2,9.3,16,281,24.2,10,10,2023-07-23T05:44:17,2023-07-23T20:20:23,0.2,Clear,Clear conditions throughout the day.,clear-day,"72505394728,72055399999,KLGA,KJRB,F1417,KNYC,72503014732"
New York,2023-07-24,29.3,23.4,25.9,30.3,23.4,26.2,18.3,63.6,0,0,0,,0,0,59,14.9,214.8,1019,3.3,15.6,232.6,20.1,9,30,2023-07-24T05:45:10,2023-07-24T20:19:32,0.23,Clear,Clear conditions throughout the day.,clear-day,"72505394728,72055399999,KLGA,KJRB,F1417,KNYC,72503014732"
New York,2023-07-25,30,21.6,24.3,32.2,21.6,24.8,19.3,74.7,1.193,100,16.67,rain,0,0,70.2,20.1,231,1018.4,24.4,15.2,202,17.2,9,30,2023-07-25T05:46:04,2023-07-25T20:18:39,0.25,"Rain, Partially cloudy",Becoming cloudy in the afternoon with rain.,rain,"72505394728,72055399999,KLGA,KJRB,F1417,KNYC,72503014732"
New York,2023-07-26,30,20.6,25.2,31.8,20.6,25.8,18.7,68.8,0.23,100,4.17,rain,0,0,74.9,14.9,233.6,1018.7,2,15.8,288.5,24.8,9,10,2023-07-26T05:46:58,2023-07-26T20:17:44,0.3,Rain,Clear conditions throughout the day with afternoon rain.,rain,"72505394728,72055399999,KLGA,KJRB,F1417,KNYC,72503014732"
New York,2023-07-27,32.2,23.9,28.2,37.4,23.9,30.6,22,69.8,0.416,100,12.5,rain,0,0,93.7,27.2,254.3,1014.5,39.3,15.6,208.6,18,9,60,2023-07-27T05:47:52,2023-07-27T20:16:48,0.33,"Rain, Partially cloudy",Partly cloudy throughout the day with rain.,rain,"72505394728,72055399999,KLGA,KJRB,F1417,KNYC,72503014732"
New York,2023-07-28,33.3,25,28.9,36.5,25,30.5,21.4,65.4,0.23,100,4.17,rain,0,0,31.7,18,266.9,1014.9,24,15.8,277.8,23.9,10,30,2023-07-28T05:48:48,2023-07-28T20:15:50,0.36,"Rain, Partially cloudy",Clearing in the afternoon with morning rain.,rain,"72505394728,72055399999,KLGA,KJRB,F1417,KNYC,72503014732"
New York,2023-07-29,31.2,24.3,27.3,34.5,24.3,28.6,21.1,69.6,0.073,100,8.33,rain,0,0,57.2,25.2,253.4,1009.1,33.2,15.6,261.2,22.7,8,30,2023-07-29T05:49:43,2023-07-29T20:14:51,0.4,"Rain, Partially cloudy",Clearing in the afternoon with rain.,rain,"72505394728,72055399999,KLGA,KJRB,F1417,KNYC,72503014732"
New York,2023-07-30,28.2,19.3,23.7,27.7,19.3,23.6,13.4,54,0,0,0,,0,0,45.6,14.6,301.1,1013.1,27.3,16,267.9,23.2,10,10,2023-07-30T05:50:39,2023-07-30T20:13:50,0.43,Partially cloudy,Partly cloudy throughout the day.,partly-cloudy-day,"72505394728,72055399999,KLGA,KJRB,F1417,KNYC,72503014732"
New York,2023-07-31,27.9,20.6,24.3,27.5,20.6,24.2,13.2,50.9,0.46,100,8.33,rain,0,0,92.5,16.2,235.2,1015,23.7,15.9,267.7,23.1,10,30,2023-07-31T05:51:35,2023-07-31T20:12:47,0.46,"Rain, Partially cloudy",Becoming cloudy in the afternoon with rain.,rain,"72505394728,72055399999,KLGA,KJRB,F1417,KNYC,72503014732"
